{
    "$schema": "https://schema.management.azure.com/schemas/2015-01-01/deploymentParameters.json#",
    "contentVersion": "1.0.0.0",
    "parameters": {
        "sites_AngularJSCRUDApp_name": {
            "value": null
        },
        "servers_sagarazuresqldbserver_name": {
            "value": null
        },
        "sites_AngularJSCRUDApp_dev_as_name": {
            "value": null
        },
        "config_web_name": {
            "value": null
        },
        "config_web_name_1": {
            "value": null
        },
        "serverfarms_AngularJSCRUDApp20180924040039Plan_name": {
            "value": null
        },
        "advisors_DropIndex_name": {
            "value": null
        },
        "keys_ServiceManaged_name": {
            "value": null
        },
        "advisors_CreateIndex_name": {
            "value": null
        },
        "advisors_DefragmentIndex_name": {
            "value": null
        },
        "auditingPolicies_Default_name": {
            "value": null
        },
        "advisors_ForceLastGoodPlan_name": {
            "value": null
        },
        "advisors_DbParameterization_name": {
            "value": null
        },
        "encryptionProtector_current_name": {
            "value": null
        },
        "databases_AngularJSCRUDApp_db_name": {
            "value": null
        },
        "firewallRules_AllowAllAzureIPs_name": {
            "value": null
        },
        "auditingPolicies_Default_name_1": {
            "value": null
        },
        "databases_master_name": {
            "value": null
        },
        "geoBackupPolicies_Default_name": {
            "value": null
        },
        "hostNameBindings_angularjscrudapp.azurewebsites.net_name": {
            "value": null
        },
        "advisors_DropIndex_name_1": {
            "value": null
        },
        "advisors_CreateIndex_name_1": {
            "value": null
        },
        "transparentDataEncryption_current_name": {
            "value": null
        },
        "advisors_DefragmentIndex_name_1": {
            "value": null
        },
        "auditingPolicies_Default_name_2": {
            "value": null
        },
        "geoBackupPolicies_Default_name_1": {
            "value": null
        },
        "advisors_ForceLastGoodPlan_name_1": {
            "value": null
        },
        "advisors_DbParameterization_name_1": {
            "value": null
        },
        "hostNameBindings_angularjscrudapp_dev_as.azurewebsites.net_name": {
            "value": null
        },
        "transparentDataEncryption_current_name_1": {
            "value": null
        }
    }
}