{
    "$schema": "https://schema.management.azure.com/schemas/2015-01-01/deploymentTemplate.json#",
    "contentVersion": "1.0.0.0",
    "parameters": {
        "sites_AngularJSCRUDApp_name": {
            "defaultValue": "AngularJSCRUDApp",
            "type": "String"
        },
        "servers_sagarazuresqldbserver_name": {
            "defaultValue": "sagarazuresqldbserver",
            "type": "String"
        },
        "sites_AngularJSCRUDApp_dev_as_name": {
            "defaultValue": "AngularJSCRUDApp-dev-as",
            "type": "String"
        },
        "config_web_name": {
            "defaultValue": "web",
            "type": "String"
        },
        "config_web_name_1": {
            "defaultValue": "web",
            "type": "String"
        },
        "serverfarms_AngularJSCRUDApp20180924040039Plan_name": {
            "defaultValue": "AngularJSCRUDApp20180924040039Plan",
            "type": "String"
        },
        "advisors_DropIndex_name": {
            "defaultValue": "DropIndex",
            "type": "String"
        },
        "keys_ServiceManaged_name": {
            "defaultValue": "ServiceManaged",
            "type": "String"
        },
        "advisors_CreateIndex_name": {
            "defaultValue": "CreateIndex",
            "type": "String"
        },
        "advisors_DefragmentIndex_name": {
            "defaultValue": "DefragmentIndex",
            "type": "String"
        },
        "auditingPolicies_Default_name": {
            "defaultValue": "Default",
            "type": "String"
        },
        "advisors_ForceLastGoodPlan_name": {
            "defaultValue": "ForceLastGoodPlan",
            "type": "String"
        },
        "advisors_DbParameterization_name": {
            "defaultValue": "DbParameterization",
            "type": "String"
        },
        "encryptionProtector_current_name": {
            "defaultValue": "current",
            "type": "String"
        },
        "databases_AngularJSCRUDApp_db_name": {
            "defaultValue": "AngularJSCRUDApp_db",
            "type": "String"
        },
        "firewallRules_AllowAllAzureIPs_name": {
            "defaultValue": "AllowAllAzureIPs",
            "type": "String"
        },
        "auditingPolicies_Default_name_1": {
            "defaultValue": "Default",
            "type": "String"
        },
        "databases_master_name": {
            "defaultValue": "master",
            "type": "String"
        },
        "geoBackupPolicies_Default_name": {
            "defaultValue": "Default",
            "type": "String"
        },
        "hostNameBindings_angularjscrudapp.azurewebsites.net_name": {
            "defaultValue": "angularjscrudapp.azurewebsites.net",
            "type": "String"
        },
        "advisors_DropIndex_name_1": {
            "defaultValue": "DropIndex",
            "type": "String"
        },
        "advisors_CreateIndex_name_1": {
            "defaultValue": "CreateIndex",
            "type": "String"
        },
        "transparentDataEncryption_current_name": {
            "defaultValue": "current",
            "type": "String"
        },
        "advisors_DefragmentIndex_name_1": {
            "defaultValue": "DefragmentIndex",
            "type": "String"
        },
        "auditingPolicies_Default_name_2": {
            "defaultValue": "Default",
            "type": "String"
        },
        "geoBackupPolicies_Default_name_1": {
            "defaultValue": "Default",
            "type": "String"
        },
        "advisors_ForceLastGoodPlan_name_1": {
            "defaultValue": "ForceLastGoodPlan",
            "type": "String"
        },
        "advisors_DbParameterization_name_1": {
            "defaultValue": "DbParameterization",
            "type": "String"
        },
        "hostNameBindings_angularjscrudapp_dev_as.azurewebsites.net_name": {
            "defaultValue": "angularjscrudapp-dev-as.azurewebsites.net",
            "type": "String"
        },
        "transparentDataEncryption_current_name_1": {
            "defaultValue": "current",
            "type": "String"
        }
    },
    "variables": {},
    "resources": [
        {
            "comments": "Generalized from resource: '/subscriptions/c6a97cd3-a443-417d-a865-791503896dc0/resourceGroups/SagarRG-2/providers/Microsoft.Sql/servers/sagarazuresqldbserver'.",
            "type": "Microsoft.Sql/servers",
            "kind": "v12.0",
            "name": "[parameters('servers_sagarazuresqldbserver_name')]",
            "apiVersion": "2015-05-01-preview",
            "location": "centralus",
            "scale": null,
            "properties": {
                "administratorLogin": "sagar2503",
                "version": "12.0"
            },
            "dependsOn": []
        },
        {
            "comments": "Generalized from resource: '/subscriptions/c6a97cd3-a443-417d-a865-791503896dc0/resourceGroups/SagarRG-2/providers/Microsoft.Web/serverfarms/AngularJSCRUDApp20180924040039Plan'.",
            "type": "Microsoft.Web/serverfarms",
            "sku": {
                "name": "S1",
                "tier": "Standard",
                "size": "S1",
                "family": "S",
                "capacity": 1
            },
            "kind": "app",
            "name": "[parameters('serverfarms_AngularJSCRUDApp20180924040039Plan_name')]",
            "apiVersion": "2016-09-01",
            "location": "Central US",
            "scale": null,
            "properties": {
                "name": "[parameters('serverfarms_AngularJSCRUDApp20180924040039Plan_name')]",
                "workerTierName": null,
                "adminSiteName": null,
                "hostingEnvironmentProfile": null,
                "perSiteScaling": false,
                "reserved": false,
                "targetWorkerCount": 0,
                "targetWorkerSizeId": 0
            },
            "dependsOn": []
        },
        {
            "comments": "Generalized from resource: '/subscriptions/c6a97cd3-a443-417d-a865-791503896dc0/resourceGroups/SagarRG-2/providers/Microsoft.Web/sites/AngularJSCRUDApp'.",
            "type": "Microsoft.Web/sites",
            "kind": "app",
            "name": "[parameters('sites_AngularJSCRUDApp_name')]",
            "apiVersion": "2016-08-01",
            "location": "Central US",
            "identity": {
                "principalId": "d09aae46-8015-4aa3-90b8-22c8d3ed6a4c",
                "tenantId": "51d1ac15-0076-41da-a018-dd2f2db41753",
                "type": "SystemAssigned"
            },
            "tags": {
                "hidden-related:/subscriptions/c6a97cd3-a443-417d-a865-791503896dc0/resourceGroups/SagarRG-2/providers/Microsoft.Web/serverfarms/AngularJSCRUDApp20180924040039Plan": "empty"
            },
            "scale": null,
            "properties": {
                "enabled": true,
                "hostNameSslStates": [
                    {
                        "name": "[concat(parameters('sites_AngularJSCRUDApp_name'),'angularjscrudapp.azurewebsites.net')]",
                        "sslState": "Disabled",
                        "virtualIP": null,
                        "thumbprint": null,
                        "toUpdate": null,
                        "hostType": "Standard"
                    },
                    {
                        "name": "[concat(parameters('sites_AngularJSCRUDApp_name'),'angularjscrudapp.scm.azurewebsites.net')]",
                        "sslState": "Disabled",
                        "virtualIP": null,
                        "thumbprint": null,
                        "toUpdate": null,
                        "hostType": "Repository"
                    }
                ],
                "serverFarmId": "[resourceId('Microsoft.Web/serverfarms', parameters('serverfarms_AngularJSCRUDApp20180924040039Plan_name'))]",
                "reserved": false,
                "siteConfig": null,
                "scmSiteAlsoStopped": false,
                "hostingEnvironmentProfile": null,
                "clientAffinityEnabled": true,
                "clientCertEnabled": false,
                "hostNamesDisabled": false,
                "containerSize": 0,
                "dailyMemoryTimeQuota": 0,
                "cloningInfo": null
            },
            "dependsOn": [
                "[resourceId('Microsoft.Web/serverfarms', parameters('serverfarms_AngularJSCRUDApp20180924040039Plan_name'))]"
            ]
        },
        {
            "comments": "Generalized from resource: '/subscriptions/c6a97cd3-a443-417d-a865-791503896dc0/resourceGroups/SagarRG-2/providers/Microsoft.Web/sites/AngularJSCRUDApp-dev-as'.",
            "type": "Microsoft.Web/sites",
            "kind": "app",
            "name": "[parameters('sites_AngularJSCRUDApp_dev_as_name')]",
            "apiVersion": "2016-08-01",
            "location": "Central US",
            "scale": null,
            "properties": {
                "enabled": true,
                "hostNameSslStates": [
                    {
                        "name": "[concat(parameters('sites_AngularJSCRUDApp_dev_as_name'),'angularjscrudapp-dev-as.azurewebsites.net')]",
                        "sslState": "Disabled",
                        "virtualIP": null,
                        "thumbprint": null,
                        "toUpdate": null,
                        "hostType": "Standard"
                    },
                    {
                        "name": "[concat(parameters('sites_AngularJSCRUDApp_dev_as_name'),'angularjscrudapp-dev-as.scm.azurewebsites.net')]",
                        "sslState": "Disabled",
                        "virtualIP": null,
                        "thumbprint": null,
                        "toUpdate": null,
                        "hostType": "Repository"
                    }
                ],
                "serverFarmId": "[resourceId('Microsoft.Web/serverfarms', parameters('serverfarms_AngularJSCRUDApp20180924040039Plan_name'))]",
                "reserved": false,
                "siteConfig": null,
                "scmSiteAlsoStopped": false,
                "hostingEnvironmentProfile": null,
                "clientAffinityEnabled": true,
                "clientCertEnabled": false,
                "hostNamesDisabled": false,
                "containerSize": 0,
                "dailyMemoryTimeQuota": 0,
                "cloningInfo": null
            },
            "dependsOn": [
                "[resourceId('Microsoft.Web/serverfarms', parameters('serverfarms_AngularJSCRUDApp20180924040039Plan_name'))]"
            ]
        },
        {
            "comments": "Generalized from resource: '/subscriptions/c6a97cd3-a443-417d-a865-791503896dc0/resourceGroups/SagarRG-2/providers/Microsoft.Sql/servers/sagarazuresqldbserver/advisors/CreateIndex'.",
            "type": "Microsoft.Sql/servers/advisors",
            "name": "[concat(parameters('servers_sagarazuresqldbserver_name'), '/', parameters('advisors_CreateIndex_name'))]",
            "apiVersion": "2014-04-01",
            "scale": null,
            "properties": {
                "autoExecuteValue": "Disabled"
            },
            "dependsOn": [
                "[resourceId('Microsoft.Sql/servers', parameters('servers_sagarazuresqldbserver_name'))]"
            ]
        },
        {
            "comments": "Generalized from resource: '/subscriptions/c6a97cd3-a443-417d-a865-791503896dc0/resourceGroups/SagarRG-2/providers/Microsoft.Sql/servers/sagarazuresqldbserver/advisors/DropIndex'.",
            "type": "Microsoft.Sql/servers/advisors",
            "name": "[concat(parameters('servers_sagarazuresqldbserver_name'), '/', parameters('advisors_DropIndex_name'))]",
            "apiVersion": "2014-04-01",
            "scale": null,
            "properties": {
                "autoExecuteValue": "Disabled"
            },
            "dependsOn": [
                "[resourceId('Microsoft.Sql/servers', parameters('servers_sagarazuresqldbserver_name'))]"
            ]
        },
        {
            "comments": "Generalized from resource: '/subscriptions/c6a97cd3-a443-417d-a865-791503896dc0/resourceGroups/SagarRG-2/providers/Microsoft.Sql/servers/sagarazuresqldbserver/advisors/DbParameterization'.",
            "type": "Microsoft.Sql/servers/advisors",
            "name": "[concat(parameters('servers_sagarazuresqldbserver_name'), '/', parameters('advisors_DbParameterization_name'))]",
            "apiVersion": "2014-04-01",
            "scale": null,
            "properties": {
                "autoExecuteValue": "Disabled"
            },
            "dependsOn": [
                "[resourceId('Microsoft.Sql/servers', parameters('servers_sagarazuresqldbserver_name'))]"
            ]
        },
        {
            "comments": "Generalized from resource: '/subscriptions/c6a97cd3-a443-417d-a865-791503896dc0/resourceGroups/SagarRG-2/providers/Microsoft.Sql/servers/sagarazuresqldbserver/advisors/DefragmentIndex'.",
            "type": "Microsoft.Sql/servers/advisors",
            "name": "[concat(parameters('servers_sagarazuresqldbserver_name'), '/', parameters('advisors_DefragmentIndex_name'))]",
            "apiVersion": "2014-04-01",
            "scale": null,
            "properties": {
                "autoExecuteValue": "Disabled"
            },
            "dependsOn": [
                "[resourceId('Microsoft.Sql/servers', parameters('servers_sagarazuresqldbserver_name'))]"
            ]
        },
        {
            "comments": "Generalized from resource: '/subscriptions/c6a97cd3-a443-417d-a865-791503896dc0/resourceGroups/SagarRG-2/providers/Microsoft.Sql/servers/sagarazuresqldbserver/advisors/ForceLastGoodPlan'.",
            "type": "Microsoft.Sql/servers/advisors",
            "name": "[concat(parameters('servers_sagarazuresqldbserver_name'), '/', parameters('advisors_ForceLastGoodPlan_name'))]",
            "apiVersion": "2014-04-01",
            "scale": null,
            "properties": {
                "autoExecuteValue": "Disabled"
            },
            "dependsOn": [
                "[resourceId('Microsoft.Sql/servers', parameters('servers_sagarazuresqldbserver_name'))]"
            ]
        },
        {
            "comments": "Generalized from resource: '/subscriptions/c6a97cd3-a443-417d-a865-791503896dc0/resourceGroups/SagarRG-2/providers/Microsoft.Sql/servers/sagarazuresqldbserver/auditingPolicies/Default'.",
            "type": "Microsoft.Sql/servers/auditingPolicies",
            "name": "[concat(parameters('servers_sagarazuresqldbserver_name'), '/', parameters('auditingPolicies_Default_name'))]",
            "apiVersion": "2014-04-01",
            "location": "Central US",
            "scale": null,
            "properties": {
                "auditingState": "New",
                "eventTypesToAudit": "PlainSQL_Success,PlainSQL_Failure,ParameterizedSQL_Success,ParameterizedSQL_Failure,StoredProcedure_Success,StoredProcedure_Failure,Login_Success,Login_Failure,TransactionManagement_Success,TransactionManagement_Failure",
                "storageAccountName": null,
                "storageAccountKey": null,
                "storageAccountSecondaryKey": null,
                "storageTableEndpoint": null,
                "storageAccountResourceGroupName": null,
                "storageAccountSubscriptionId": null,
                "fullAuditLogsTableName": "SQLDBAuditLogsSagarazuresqldbserver",
                "auditLogsTableName": "Sagarazuresqldbserver",
                "retentionDays": "0"
            },
            "dependsOn": [
                "[resourceId('Microsoft.Sql/servers', parameters('servers_sagarazuresqldbserver_name'))]"
            ]
        },
        {
            "comments": "Generalized from resource: '/subscriptions/c6a97cd3-a443-417d-a865-791503896dc0/resourceGroups/SagarRG-2/providers/Microsoft.Sql/servers/sagarazuresqldbserver/databases/AngularJSCRUDApp_db'.",
            "type": "Microsoft.Sql/servers/databases",
            "sku": {
                "name": "S0",
                "tier": "Standard"
            },
            "kind": "v12.0,user",
            "name": "[concat(parameters('servers_sagarazuresqldbserver_name'), '/', parameters('databases_AngularJSCRUDApp_db_name'))]",
            "apiVersion": "2017-03-01-preview",
            "location": "centralus",
            "scale": null,
            "properties": {
                "collation": "SQL_Latin1_General_CP1_CI_AS",
                "maxSizeBytes": 1073741824,
                "catalogCollation": "SQL_Latin1_General_CP1_CI_AS",
                "zoneRedundant": false
            },
            "dependsOn": [
                "[resourceId('Microsoft.Sql/servers', parameters('servers_sagarazuresqldbserver_name'))]"
            ]
        },
        {
            "comments": "Generalized from resource: '/subscriptions/c6a97cd3-a443-417d-a865-791503896dc0/resourceGroups/SagarRG-2/providers/Microsoft.Sql/servers/sagarazuresqldbserver/firewallRules/AllowAllAzureIPs'.",
            "type": "Microsoft.Sql/servers/firewallRules",
            "name": "[concat(parameters('servers_sagarazuresqldbserver_name'), '/', parameters('firewallRules_AllowAllAzureIPs_name'))]",
            "apiVersion": "2015-05-01-preview",
            "scale": null,
            "properties": {
                "startIpAddress": "0.0.0.0",
                "endIpAddress": "0.0.0.0"
            },
            "dependsOn": [
                "[resourceId('Microsoft.Sql/servers', parameters('servers_sagarazuresqldbserver_name'))]"
            ]
        },
        {
            "comments": "Generalized from resource: '/subscriptions/c6a97cd3-a443-417d-a865-791503896dc0/resourceGroups/SagarRG-2/providers/Microsoft.Sql/servers/sagarazuresqldbserver/encryptionProtector/current'.",
            "type": "Microsoft.Sql/servers/encryptionProtector",
            "kind": "servicemanaged",
            "name": "[concat(parameters('servers_sagarazuresqldbserver_name'), '/', parameters('encryptionProtector_current_name'))]",
            "apiVersion": "2015-05-01-preview",
            "scale": null,
            "properties": {
                "serverKeyName": "ServiceManaged",
                "serverKeyType": "ServiceManaged"
            },
            "dependsOn": [
                "[resourceId('Microsoft.Sql/servers', parameters('servers_sagarazuresqldbserver_name'))]"
            ]
        },
        {
            "comments": "Generalized from resource: '/subscriptions/c6a97cd3-a443-417d-a865-791503896dc0/resourceGroups/SagarRG-2/providers/Microsoft.Sql/servers/sagarazuresqldbserver/keys/ServiceManaged'.",
            "type": "Microsoft.Sql/servers/keys",
            "kind": "servicemanaged",
            "name": "[concat(parameters('servers_sagarazuresqldbserver_name'), '/', parameters('keys_ServiceManaged_name'))]",
            "apiVersion": "2015-05-01-preview",
            "scale": null,
            "properties": {
                "serverKeyType": "[parameters('keys_ServiceManaged_name')]"
            },
            "dependsOn": [
                "[resourceId('Microsoft.Sql/servers', parameters('servers_sagarazuresqldbserver_name'))]"
            ]
        },
        {
            "comments": "Generalized from resource: '/subscriptions/c6a97cd3-a443-417d-a865-791503896dc0/resourceGroups/SagarRG-2/providers/Microsoft.Sql/servers/sagarazuresqldbserver/databases/AngularJSCRUDApp_db/advisors/CreateIndex'.",
            "type": "Microsoft.Sql/servers/databases/advisors",
            "name": "[concat(parameters('servers_sagarazuresqldbserver_name'), '/', parameters('databases_AngularJSCRUDApp_db_name'), '/', parameters('advisors_CreateIndex_name_1'))]",
            "apiVersion": "2014-04-01",
            "scale": null,
            "properties": {
                "autoExecuteValue": "Disabled"
            },
            "dependsOn": [
                "[resourceId('Microsoft.Sql/servers', parameters('servers_sagarazuresqldbserver_name'))]",
                "[resourceId('Microsoft.Sql/servers/databases', parameters('servers_sagarazuresqldbserver_name'), parameters('databases_AngularJSCRUDApp_db_name'))]"
            ]
        },
        {
            "comments": "Generalized from resource: '/subscriptions/c6a97cd3-a443-417d-a865-791503896dc0/resourceGroups/SagarRG-2/providers/Microsoft.Sql/servers/sagarazuresqldbserver/databases/AngularJSCRUDApp_db/advisors/DropIndex'.",
            "type": "Microsoft.Sql/servers/databases/advisors",
            "name": "[concat(parameters('servers_sagarazuresqldbserver_name'), '/', parameters('databases_AngularJSCRUDApp_db_name'), '/', parameters('advisors_DropIndex_name_1'))]",
            "apiVersion": "2014-04-01",
            "scale": null,
            "properties": {
                "autoExecuteValue": "Disabled"
            },
            "dependsOn": [
                "[resourceId('Microsoft.Sql/servers', parameters('servers_sagarazuresqldbserver_name'))]",
                "[resourceId('Microsoft.Sql/servers/databases', parameters('servers_sagarazuresqldbserver_name'), parameters('databases_AngularJSCRUDApp_db_name'))]"
            ]
        },
        {
            "comments": "Generalized from resource: '/subscriptions/c6a97cd3-a443-417d-a865-791503896dc0/resourceGroups/SagarRG-2/providers/Microsoft.Sql/servers/sagarazuresqldbserver/databases/AngularJSCRUDApp_db/advisors/DbParameterization'.",
            "type": "Microsoft.Sql/servers/databases/advisors",
            "name": "[concat(parameters('servers_sagarazuresqldbserver_name'), '/', parameters('databases_AngularJSCRUDApp_db_name'), '/', parameters('advisors_DbParameterization_name_1'))]",
            "apiVersion": "2014-04-01",
            "scale": null,
            "properties": {
                "autoExecuteValue": "Disabled"
            },
            "dependsOn": [
                "[resourceId('Microsoft.Sql/servers', parameters('servers_sagarazuresqldbserver_name'))]",
                "[resourceId('Microsoft.Sql/servers/databases', parameters('servers_sagarazuresqldbserver_name'), parameters('databases_AngularJSCRUDApp_db_name'))]"
            ]
        },
        {
            "comments": "Generalized from resource: '/subscriptions/c6a97cd3-a443-417d-a865-791503896dc0/resourceGroups/SagarRG-2/providers/Microsoft.Sql/servers/sagarazuresqldbserver/databases/AngularJSCRUDApp_db/advisors/DefragmentIndex'.",
            "type": "Microsoft.Sql/servers/databases/advisors",
            "name": "[concat(parameters('servers_sagarazuresqldbserver_name'), '/', parameters('databases_AngularJSCRUDApp_db_name'), '/', parameters('advisors_DefragmentIndex_name_1'))]",
            "apiVersion": "2014-04-01",
            "scale": null,
            "properties": {
                "autoExecuteValue": "Disabled"
            },
            "dependsOn": [
                "[resourceId('Microsoft.Sql/servers', parameters('servers_sagarazuresqldbserver_name'))]",
                "[resourceId('Microsoft.Sql/servers/databases', parameters('servers_sagarazuresqldbserver_name'), parameters('databases_AngularJSCRUDApp_db_name'))]"
            ]
        },
        {
            "comments": "Generalized from resource: '/subscriptions/c6a97cd3-a443-417d-a865-791503896dc0/resourceGroups/SagarRG-2/providers/Microsoft.Sql/servers/sagarazuresqldbserver/databases/AngularJSCRUDApp_db/advisors/ForceLastGoodPlan'.",
            "type": "Microsoft.Sql/servers/databases/advisors",
            "name": "[concat(parameters('servers_sagarazuresqldbserver_name'), '/', parameters('databases_AngularJSCRUDApp_db_name'), '/', parameters('advisors_ForceLastGoodPlan_name_1'))]",
            "apiVersion": "2014-04-01",
            "scale": null,
            "properties": {
                "autoExecuteValue": "Disabled"
            },
            "dependsOn": [
                "[resourceId('Microsoft.Sql/servers', parameters('servers_sagarazuresqldbserver_name'))]",
                "[resourceId('Microsoft.Sql/servers/databases', parameters('servers_sagarazuresqldbserver_name'), parameters('databases_AngularJSCRUDApp_db_name'))]"
            ]
        },
        {
            "comments": "Generalized from resource: '/subscriptions/c6a97cd3-a443-417d-a865-791503896dc0/resourceGroups/SagarRG-2/providers/Microsoft.Sql/servers/sagarazuresqldbserver/databases/AngularJSCRUDApp_db/auditingPolicies/Default'.",
            "type": "Microsoft.Sql/servers/databases/auditingPolicies",
            "name": "[concat(parameters('servers_sagarazuresqldbserver_name'), '/', parameters('databases_AngularJSCRUDApp_db_name'), '/', parameters('auditingPolicies_Default_name_2'))]",
            "apiVersion": "2014-04-01",
            "location": "Central US",
            "scale": null,
            "properties": {
                "auditingState": "New",
                "eventTypesToAudit": "PlainSQL_Success,PlainSQL_Failure,ParameterizedSQL_Success,ParameterizedSQL_Failure,StoredProcedure_Success,StoredProcedure_Failure,Login_Success,Login_Failure,TransactionManagement_Success,TransactionManagement_Failure",
                "storageAccountName": null,
                "storageAccountKey": null,
                "storageAccountSecondaryKey": null,
                "storageTableEndpoint": null,
                "storageAccountResourceGroupName": null,
                "storageAccountSubscriptionId": null,
                "useServerDefault": "Enabled",
                "fullAuditLogsTableName": "SQLDBAuditLogsSagarazuresqldbserverAngularjscrudappdb",
                "auditLogsTableName": "SagarazuresqldbserverAngularjscrudappdb",
                "retentionDays": "0"
            },
            "dependsOn": [
                "[resourceId('Microsoft.Sql/servers', parameters('servers_sagarazuresqldbserver_name'))]",
                "[resourceId('Microsoft.Sql/servers/databases', parameters('servers_sagarazuresqldbserver_name'), parameters('databases_AngularJSCRUDApp_db_name'))]"
            ]
        },
        {
            "comments": "Generalized from resource: '/subscriptions/c6a97cd3-a443-417d-a865-791503896dc0/resourceGroups/SagarRG-2/providers/Microsoft.Sql/servers/sagarazuresqldbserver/databases/AngularJSCRUDApp_db/geoBackupPolicies/Default'.",
            "type": "Microsoft.Sql/servers/databases/geoBackupPolicies",
            "name": "[concat(parameters('servers_sagarazuresqldbserver_name'), '/', parameters('databases_AngularJSCRUDApp_db_name'), '/', parameters('geoBackupPolicies_Default_name_1'))]",
            "apiVersion": "2014-04-01",
            "location": "Central US",
            "scale": null,
            "properties": {
                "state": "Enabled"
            },
            "dependsOn": [
                "[resourceId('Microsoft.Sql/servers', parameters('servers_sagarazuresqldbserver_name'))]",
                "[resourceId('Microsoft.Sql/servers/databases', parameters('servers_sagarazuresqldbserver_name'), parameters('databases_AngularJSCRUDApp_db_name'))]"
            ]
        },
        {
            "comments": "Generalized from resource: '/subscriptions/c6a97cd3-a443-417d-a865-791503896dc0/resourceGroups/SagarRG-2/providers/Microsoft.Sql/servers/sagarazuresqldbserver/databases/AngularJSCRUDApp_db/transparentDataEncryption/current'.",
            "type": "Microsoft.Sql/servers/databases/transparentDataEncryption",
            "name": "[concat(parameters('servers_sagarazuresqldbserver_name'), '/', parameters('databases_AngularJSCRUDApp_db_name'), '/', parameters('transparentDataEncryption_current_name_1'))]",
            "apiVersion": "2014-04-01",
            "location": "Central US",
            "scale": null,
            "properties": {
                "status": "Enabled"
            },
            "dependsOn": [
                "[resourceId('Microsoft.Sql/servers', parameters('servers_sagarazuresqldbserver_name'))]",
                "[resourceId('Microsoft.Sql/servers/databases', parameters('servers_sagarazuresqldbserver_name'), parameters('databases_AngularJSCRUDApp_db_name'))]"
            ]
        },
        {
            "comments": "Generalized from resource: '/subscriptions/c6a97cd3-a443-417d-a865-791503896dc0/resourceGroups/SagarRG-2/providers/Microsoft.Sql/servers/sagarazuresqldbserver/databases/master/auditingPolicies/Default'.",
            "type": "Microsoft.Sql/servers/databases/auditingPolicies",
            "name": "[concat(parameters('servers_sagarazuresqldbserver_name'), '/', parameters('databases_master_name'), '/', parameters('auditingPolicies_Default_name_1'))]",
            "apiVersion": "2014-04-01",
            "location": "Central US",
            "scale": null,
            "properties": {
                "auditingState": "New",
                "eventTypesToAudit": "PlainSQL_Success,PlainSQL_Failure,ParameterizedSQL_Success,ParameterizedSQL_Failure,StoredProcedure_Success,StoredProcedure_Failure,Login_Success,Login_Failure,TransactionManagement_Success,TransactionManagement_Failure",
                "storageAccountName": null,
                "storageAccountKey": null,
                "storageAccountSecondaryKey": null,
                "storageTableEndpoint": null,
                "storageAccountResourceGroupName": null,
                "storageAccountSubscriptionId": null,
                "useServerDefault": "Enabled",
                "fullAuditLogsTableName": "SQLDBAuditLogsSagarazuresqldbserverMaster",
                "auditLogsTableName": "SagarazuresqldbserverMaster",
                "retentionDays": "0"
            },
            "dependsOn": [
                "[resourceId('Microsoft.Sql/servers', parameters('servers_sagarazuresqldbserver_name'))]"
            ]
        },
        {
            "comments": "Generalized from resource: '/subscriptions/c6a97cd3-a443-417d-a865-791503896dc0/resourceGroups/SagarRG-2/providers/Microsoft.Sql/servers/sagarazuresqldbserver/databases/master/geoBackupPolicies/Default'.",
            "type": "Microsoft.Sql/servers/databases/geoBackupPolicies",
            "name": "[concat(parameters('servers_sagarazuresqldbserver_name'), '/', parameters('databases_master_name'), '/', parameters('geoBackupPolicies_Default_name'))]",
            "apiVersion": "2014-04-01",
            "location": "Central US",
            "scale": null,
            "properties": {
                "state": "Enabled"
            },
            "dependsOn": [
                "[resourceId('Microsoft.Sql/servers', parameters('servers_sagarazuresqldbserver_name'))]"
            ]
        },
        {
            "comments": "Generalized from resource: '/subscriptions/c6a97cd3-a443-417d-a865-791503896dc0/resourceGroups/SagarRG-2/providers/Microsoft.Sql/servers/sagarazuresqldbserver/databases/master/transparentDataEncryption/current'.",
            "type": "Microsoft.Sql/servers/databases/transparentDataEncryption",
            "name": "[concat(parameters('servers_sagarazuresqldbserver_name'), '/', parameters('databases_master_name'), '/', parameters('transparentDataEncryption_current_name'))]",
            "apiVersion": "2014-04-01",
            "location": "Central US",
            "scale": null,
            "properties": {
                "status": "Disabled"
            },
            "dependsOn": [
                "[resourceId('Microsoft.Sql/servers', parameters('servers_sagarazuresqldbserver_name'))]"
            ]
        },
        {
            "comments": "Generalized from resource: '/subscriptions/c6a97cd3-a443-417d-a865-791503896dc0/resourceGroups/SagarRG-2/providers/Microsoft.Web/sites/AngularJSCRUDApp/config/web'.",
            "type": "Microsoft.Web/sites/config",
            "name": "[concat(parameters('sites_AngularJSCRUDApp_name'), '/', parameters('config_web_name'))]",
            "apiVersion": "2016-08-01",
            "location": "Central US",
            "tags": {
                "hidden-related:/subscriptions/c6a97cd3-a443-417d-a865-791503896dc0/resourceGroups/SagarRG-2/providers/Microsoft.Web/serverfarms/AngularJSCRUDApp20180924040039Plan": "empty"
            },
            "scale": null,
            "properties": {
                "numberOfWorkers": 1,
                "defaultDocuments": [
                    "Default.htm",
                    "Default.html",
                    "Default.asp",
                    "index.htm",
                    "index.html",
                    "iisstart.htm",
                    "default.aspx",
                    "index.php",
                    "hostingstart.html"
                ],
                "netFrameworkVersion": "v4.0",
                "phpVersion": "5.6",
                "pythonVersion": "",
                "nodeVersion": "",
                "linuxFxVersion": "",
                "windowsFxVersion": null,
                "requestTracingEnabled": false,
                "remoteDebuggingEnabled": false,
                "remoteDebuggingVersion": null,
                "httpLoggingEnabled": false,
                "logsDirectorySizeLimit": 35,
                "detailedErrorLoggingEnabled": false,
                "publishingUsername": "$AngularJSCRUDApp",
                "publishingPassword": null,
                "appSettings": null,
                "azureStorageAccounts": {},
                "metadata": null,
                "connectionStrings": null,
                "machineKey": null,
                "handlerMappings": null,
                "documentRoot": null,
                "scmType": "None",
                "use32BitWorkerProcess": true,
                "webSocketsEnabled": false,
                "alwaysOn": false,
                "javaVersion": null,
                "javaContainer": null,
                "javaContainerVersion": null,
                "appCommandLine": "",
                "managedPipelineMode": "Integrated",
                "virtualApplications": [
                    {
                        "virtualPath": "/",
                        "physicalPath": "site\\wwwroot",
                        "preloadEnabled": false,
                        "virtualDirectories": null
                    }
                ],
                "winAuthAdminState": 0,
                "winAuthTenantState": 0,
                "customAppPoolIdentityAdminState": false,
                "customAppPoolIdentityTenantState": false,
                "runtimeADUser": null,
                "runtimeADUserPassword": null,
                "loadBalancing": "LeastRequests",
                "routingRules": [],
                "experiments": {
                    "rampUpRules": []
                },
                "limits": null,
                "autoHealEnabled": false,
                "autoHealRules": null,
                "tracingOptions": null,
                "vnetName": "",
                "siteAuthEnabled": false,
                "siteAuthSettings": {
                    "enabled": null,
                    "unauthenticatedClientAction": null,
                    "tokenStoreEnabled": null,
                    "allowedExternalRedirectUrls": null,
                    "defaultProvider": null,
                    "clientId": null,
                    "clientSecret": null,
                    "issuer": null,
                    "allowedAudiences": null,
                    "additionalLoginParams": null,
                    "isAadAutoProvisioned": false,
                    "googleClientId": null,
                    "googleClientSecret": null,
                    "googleOAuthScopes": null,
                    "facebookAppId": null,
                    "facebookAppSecret": null,
                    "facebookOAuthScopes": null,
                    "twitterConsumerKey": null,
                    "twitterConsumerSecret": null,
                    "microsoftAccountClientId": null,
                    "microsoftAccountClientSecret": null,
                    "microsoftAccountOAuthScopes": null
                },
                "cors": null,
                "push": null,
                "apiDefinition": null,
                "autoSwapSlotName": null,
                "localMySqlEnabled": false,
                "managedServiceIdentityId": 1043,
                "xManagedServiceIdentityId": null,
                "ipSecurityRestrictions": null,
                "http20Enabled": false,
                "minTlsVersion": "1.2",
                "ftpsState": "AllAllowed",
                "reservedInstanceCount": 0
            },
            "dependsOn": [
                "[resourceId('Microsoft.Web/sites', parameters('sites_AngularJSCRUDApp_name'))]"
            ]
        },
        {
            "comments": "Generalized from resource: '/subscriptions/c6a97cd3-a443-417d-a865-791503896dc0/resourceGroups/SagarRG-2/providers/Microsoft.Web/sites/AngularJSCRUDApp/hostNameBindings/angularjscrudapp.azurewebsites.net'.",
            "type": "Microsoft.Web/sites/hostNameBindings",
            "name": "[concat(parameters('sites_AngularJSCRUDApp_name'), '/', parameters('hostNameBindings_angularjscrudapp.azurewebsites.net_name'))]",
            "apiVersion": "2016-08-01",
            "location": "Central US",
            "scale": null,
            "properties": {
                "siteName": "AngularJSCRUDApp",
                "domainId": null,
                "hostNameType": "Verified"
            },
            "dependsOn": [
                "[resourceId('Microsoft.Web/sites', parameters('sites_AngularJSCRUDApp_name'))]"
            ]
        },
        {
            "comments": "Generalized from resource: '/subscriptions/c6a97cd3-a443-417d-a865-791503896dc0/resourceGroups/SagarRG-2/providers/Microsoft.Web/sites/AngularJSCRUDApp-dev-as/config/web'.",
            "type": "Microsoft.Web/sites/config",
            "name": "[concat(parameters('sites_AngularJSCRUDApp_dev_as_name'), '/', parameters('config_web_name_1'))]",
            "apiVersion": "2016-08-01",
            "location": "Central US",
            "scale": null,
            "properties": {
                "numberOfWorkers": 1,
                "defaultDocuments": [
                    "Default.htm",
                    "Default.html",
                    "Default.asp",
                    "index.htm",
                    "index.html",
                    "iisstart.htm",
                    "default.aspx",
                    "index.php",
                    "hostingstart.html"
                ],
                "netFrameworkVersion": "v4.0",
                "phpVersion": "5.6",
                "pythonVersion": "",
                "nodeVersion": "",
                "linuxFxVersion": "",
                "windowsFxVersion": null,
                "requestTracingEnabled": false,
                "remoteDebuggingEnabled": false,
                "remoteDebuggingVersion": null,
                "httpLoggingEnabled": false,
                "logsDirectorySizeLimit": 35,
                "detailedErrorLoggingEnabled": false,
                "publishingUsername": "$AngularJSCRUDApp-dev-as",
                "publishingPassword": null,
                "appSettings": null,
                "azureStorageAccounts": {},
                "metadata": null,
                "connectionStrings": null,
                "machineKey": null,
                "handlerMappings": null,
                "documentRoot": null,
                "scmType": "None",
                "use32BitWorkerProcess": true,
                "webSocketsEnabled": false,
                "alwaysOn": false,
                "javaVersion": null,
                "javaContainer": null,
                "javaContainerVersion": null,
                "appCommandLine": "",
                "managedPipelineMode": "Integrated",
                "virtualApplications": [
                    {
                        "virtualPath": "/",
                        "physicalPath": "site\\wwwroot",
                        "preloadEnabled": false,
                        "virtualDirectories": null
                    }
                ],
                "winAuthAdminState": 0,
                "winAuthTenantState": 0,
                "customAppPoolIdentityAdminState": false,
                "customAppPoolIdentityTenantState": false,
                "runtimeADUser": null,
                "runtimeADUserPassword": null,
                "loadBalancing": "LeastRequests",
                "routingRules": [],
                "experiments": {
                    "rampUpRules": []
                },
                "limits": null,
                "autoHealEnabled": false,
                "autoHealRules": null,
                "tracingOptions": null,
                "vnetName": "",
                "siteAuthEnabled": false,
                "siteAuthSettings": {
                    "enabled": null,
                    "unauthenticatedClientAction": null,
                    "tokenStoreEnabled": null,
                    "allowedExternalRedirectUrls": null,
                    "defaultProvider": null,
                    "clientId": null,
                    "clientSecret": null,
                    "issuer": null,
                    "allowedAudiences": null,
                    "additionalLoginParams": null,
                    "isAadAutoProvisioned": false,
                    "googleClientId": null,
                    "googleClientSecret": null,
                    "googleOAuthScopes": null,
                    "facebookAppId": null,
                    "facebookAppSecret": null,
                    "facebookOAuthScopes": null,
                    "twitterConsumerKey": null,
                    "twitterConsumerSecret": null,
                    "microsoftAccountClientId": null,
                    "microsoftAccountClientSecret": null,
                    "microsoftAccountOAuthScopes": null
                },
                "cors": null,
                "push": null,
                "apiDefinition": null,
                "autoSwapSlotName": null,
                "localMySqlEnabled": false,
                "managedServiceIdentityId": null,
                "xManagedServiceIdentityId": null,
                "ipSecurityRestrictions": null,
                "http20Enabled": false,
                "minTlsVersion": "1.2",
                "ftpsState": "AllAllowed",
                "reservedInstanceCount": 0
            },
            "dependsOn": [
                "[resourceId('Microsoft.Web/sites', parameters('sites_AngularJSCRUDApp_dev_as_name'))]"
            ]
        },
        {
            "comments": "Generalized from resource: '/subscriptions/c6a97cd3-a443-417d-a865-791503896dc0/resourceGroups/SagarRG-2/providers/Microsoft.Web/sites/AngularJSCRUDApp-dev-as/hostNameBindings/angularjscrudapp-dev-as.azurewebsites.net'.",
            "type": "Microsoft.Web/sites/hostNameBindings",
            "name": "[concat(parameters('sites_AngularJSCRUDApp_dev_as_name'), '/', parameters('hostNameBindings_angularjscrudapp_dev_as.azurewebsites.net_name'))]",
            "apiVersion": "2016-08-01",
            "location": "Central US",
            "scale": null,
            "properties": {
                "siteName": "AngularJSCRUDApp-dev-as",
                "domainId": null,
                "hostNameType": "Verified"
            },
            "dependsOn": [
                "[resourceId('Microsoft.Web/sites', parameters('sites_AngularJSCRUDApp_dev_as_name'))]"
            ]
        }
    ]
}